article,rank
!,0.15764460901491748
!!!,0.15060534621226618
!k7 records,0.156375
!karapuri!,0.15241003153389016
!kung language,0.15111959691112042
